math score,reading score,writing score,Placement Score,placement offer count
72.0,72.0,74.0,78.0,1
69.0,90.0,88.0,62.125,2
90.0,95.0,93.0,74.0,2
47.0,57.0,77.0,78.0,1
52.285714,78.0,75.0,81.0,3
71.0,72.25,78.0,70.0,4
12.0,44.0,52.0,12.0,2
52.285714,65.0,67.0,49.0,1
5.0,77.0,89.0,55.0,0
